﻿<?xml version="1.0" encoding="utf-8"?>
<Project ToolsVersion="15.0" xmlns="http://schemas.microsoft.com/developer/msbuild/2003">
  <PropertyGroup>
    <IncludeCompositeObjects>True</IncludeCompositeObjects>
    <TargetDatabaseName>SQLTest</TargetDatabaseName>
    <DeployScriptFileName>SQLTest.sql</DeployScriptFileName>
    <TargetConnectionString>Data Source=MJ\SQLEXPRESS;Integrated Security=True;Persist Security Info=False;Pooling=False;MultipleActiveResultSets=False;Connect Timeout=60;Encrypt=False;TrustServerCertificate=True</TargetConnectionString>
    <BlockOnPossibleDataLoss>True</BlockOnPossibleDataLoss>
    <CreateNewDatabase>True</CreateNewDatabase>
    <ProfileVersionNumber>1</ProfileVersionNumber>
  </PropertyGroup>
</Project>